FRA;1;nombre1;apellido1;0;1;0;0;0;0;0
FRA;2;nombre2;apellido2;2;1;180;0;0;0;0
FRA;3;nombre3;apellido3;1;2;90;0;0;0;0
FRA;4;nombre4;apellido4;2;2;180;0;0;0;0
FRA;5;nombre5;apellido5;4;2;360;0;1;0;0
FRA;6;nombre6;apellido6;4;1;360;0;0;0;0
FRA;7;nombre7;apellido7;5;3;450;0;1;0;1
FRA;8;nombre8;apellido8;3;2;270;0;0;0;0
FRA;9;nombre9;apellido9;2;1;180;0;0;0;0
FRA;10;nombre10;apellido10;1;1;90;0;0;0;0
FRA;11;nombre11;apellido11;1;1;90;0;0;0;0
FRA;12;nombre12;apellido12;1;1;90;0;0;0;0
FRA;13;nombre13;apellido13;3;1;270;0;0;0;1
FRA;14;nombre14;apellido14;2;1;180;0;0;0;1
FRA;15;nombre15;apellido15;4;2;360;0;1;0;1
FRA;16;nombre16;apellido16;2;1;180;0;0;0;1
FRA;17;nombre17;apellido17;0;1;0;0;0;0;0
FRA;18;nombre18;apellido18;1;1;90;0;0;0;0
FRA;19;nombre19;apellido19;3;2;270;0;1;0;2
FRA;20;nombre20;apellido20;2;1;180;0;0;0;0
FRA;21;nombre21;apellido21;2;0;180;0;0;0;0
FRA;22;nombre22;apellido22;1;0;90;0;0;0;0
FRA;23;nombre23;apellido23;3;0;270;0;0;0;1
FRA;24;nombre24;apellido24;3;0;270;0;0;0;0
FRA;25;nombre25;apellido25;1;0;90;0;0;0;0
FRA;26;nombre26;apellido26;2;0;180;0;0;0;1
ESP;1;nombre1;apellido1;3;2;300;0;0;0;2
ESP;2;nombre2;apellido2;3;2;300;0;0;0;0
ESP;3;nombre3;apellido3;2;2;180;0;0;0;0
ESP;4;nombre4;apellido4;2;1;180;0;0;0;0
ESP;5;nombre5;apellido5;2;1;180;0;0;0;0
ESP;6;nombre6;apellido6;0;1;0;0;0;0;0
ESP;7;nombre7;apellido7;2;1;210;0;0;0;0
ESP;8;nombre8;apellido8;3;1;270;0;0;0;0
ESP;9;nombre9;apellido9;5;2;480;0;0;0;2
ESP;10;nombre10;apellido10;1;1;90;0;0;0;0
ESP;11;nombre11;apellido11;1;1;90;0;1;0;0
ESP;12;nombre12;apellido12;2;1;210;0;0;0;1
ESP;13;nombre13;apellido13;4;1;360;0;0;0;1
ESP;14;nombre14;apellido14;3;2;270;0;0;0;0
ESP;15;nombre15;apellido15;2;1;210;0;1;0;0
ESP;16;nombre16;apellido16;3;1;300;0;0;0;2
ESP;17;nombre17;apellido17;3;2;300;0;0;0;0
ESP;18;nombre18;apellido18;0;1;0;0;0;0;0
ESP;19;nombre19;apellido19;2;2;210;0;0;0;0
ESP;20;nombre20;apellido20;6;2;570;0;1;0;2
ESP;21;nombre21;apellido21;3;0;270;0;0;0;2
ESP;22;nombre22;apellido22;4;1;360;0;0;0;0
ESP;23;nombre23;apellido23;1;0;90;0;0;0;0
ESP;24;nombre24;apellido24;3;0;270;0;0;0;1
ESP;25;nombre25;apellido25;3;2;300;0;0;0;1
ESP;26;nombre26;apellido26;3;0;270;0;0;0;0
ARG;1;nombre1;apellido1;1;1;90;0;0;0;1
ARG;2;nombre2;apellido2;3;2;300;0;1;0;1
ARG;3;nombre3;apellido3;2;2;180;0;0;0;0
ARG;4;nombre4;apellido4;2;1;180;0;0;0;0
ARG;5;nombre5;apellido5;5;4;480;0;1;0;0
ARG;6;nombre6;apellido6;4;2;390;0;0;0;2
ARG;7;nombre7;apellido7;3;1;270;0;0;0;0
ARG;8;nombre8;apellido8;2;1;210;0;0;0;0
ARG;9;nombre9;apellido9;1;1;90;0;0;0;0
ARG;10;nombre10;apellido10;4;2;390;0;0;0;1
ARG;11;nombre11;apellido11;1;1;90;0;0;0;0
ARG;12;nombre12;apellido12;5;1;480;0;0;0;1
ARG;13;nombre13;apellido13;2;1;180;0;0;0;0
ARG;14;nombre14;apellido14;2;1;210;0;0;0;0
ARG;15;nombre15;apellido15;2;1;180;0;0;0;0
ARG;16;nombre16;apellido16;5;1;480;0;0;0;0
ARG;17;nombre17;apellido17;2;1;180;0;0;0;0
ARG;18;nombre18;apellido18;3;2;270;0;0;0;0
ARG;19;nombre19;apellido19;1;1;90;0;0;0;1
ARG;20;nombre20;apellido20;2;2;180;0;0;0;1
ARG;21;nombre21;apellido21;4;2;390;0;0;0;0
ARG;22;nombre22;apellido22;3;1;300;0;0;0;0
ARG;23;nombre23;apellido23;2;1;180;0;0;0;0
ARG;24;nombre24;apellido24;2;1;180;0;0;0;1
ARG;25;nombre25;apellido25;2;1;210;0;0;0;0
ARG;26;nombre26;apellido26;1;1;90;0;0;0;0
ENG;1;nombre1;apellido1;3;2;300;0;0;0;0
ENG;2;nombre2;apellido2;6;3;570;0;0;0;0
ENG;3;nombre3;apellido3;4;2;420;0;0;0;0
ENG;4;nombre4;apellido4;3;1;300;0;0;0;1
ENG;5;nombre5;apellido5;2;2;180;0;0;0;1
ENG;6;nombre6;apellido6;4;1;390;0;0;0;0
ENG;7;nombre7;apellido7;3;1;300;0;1;0;0
ENG;8;nombre8;apellido8;5;2;480;0;0;0;1
ENG;9;nombre9;apellido9;5;2;450;0;0;0;1
ENG;10;nombre10;apellido10;1;1;90;0;0;0;0
ENG;11;nombre11;apellido11;3;1;300;0;0;0;0
ENG;12;nombre12;apellido12;3;4;330;0;0;0;1
ENG;13;nombre13;apellido13;3;1;270;0;1;0;0
ENG;14;nombre14;apellido14;2;1;180;0;0;0;0
ENG;15;nombre15;apellido15;5;2;480;0;1;0;0
ENG;16;nombre16;apellido16;4;1;390;0;0;0;0
ENG;17;nombre17;apellido17;2;2;210;0;0;0;0
ENG;18;nombre18;apellido18;3;1;300;0;0;0;0
ENG;19;nombre19;apellido19;2;1;210;0;0;0;2
ENG;20;nombre20;apellido20;3;1;270;0;0;0;0
ENG;21;nombre21;apellido21;3;1;270;0;0;0;1
ENG;22;nombre22;apellido22;5;0;510;0;0;0;0
ENG;23;nombre23;apellido23;4;0;360;0;0;0;0
ENG;24;nombre24;apellido24;3;1;330;0;0;0;2
ENG;25;nombre25;apellido25;3;0;270;0;1;0;0
ENG;26;nombre26;apellido26;4;0;420;0;0;0;1
POR;1;nombre1;apellido1;3;1;270;0;0;0;0
POR;2;nombre2;apellido2;1;1;90;0;0;0;0
POR;3;nombre3;apellido3;1;1;90;0;0;0;0
POR;4;nombre4;apellido4;1;1;90;0;1;0;0
POR;5;nombre5;apellido5;1;1;90;0;0;0;0
POR;6;nombre6;apellido6;2;3;180;0;0;0;0
POR;7;nombre7;apellido7;2;1;180;0;0;0;1
POR;8;nombre8;apellido8;0;1;0;0;0;0;0
POR;9;nombre9;apellido9;1;1;90;0;0;0;0
POR;10;nombre10;apellido10;2;1;180;0;1;0;0
POR;11;nombre11;apellido11;2;1;180;0;0;0;1
POR;12;nombre12;apellido12;2;1;180;0;0;0;0
POR;13;nombre13;apellido13;3;1;270;0;0;0;2
POR;14;nombre14;apellido14;0;1;0;0;0;0;0
POR;15;nombre15;apellido15;3;2;270;0;0;0;0
POR;16;nombre16;apellido16;1;1;90;0;1;0;0
POR;17;nombre17;apellido17;2;1;180;0;1;0;1
POR;18;nombre18;apellido18;2;1;180;0;0;0;0
POR;19;nombre19;apellido19;1;1;90;0;0;0;0
POR;20;nombre20;apellido20;1;1;90;0;0;0;0
POR;21;nombre21;apellido21;1;0;90;0;0;0;0
POR;22;nombre22;apellido22;4;1;360;0;0;0;1
POR;23;nombre23;apellido23;1;0;90;0;0;0;0
POR;24;nombre24;apellido24;2;0;180;0;1;0;0
POR;25;nombre25;apellido25;2;0;180;0;0;0;0
POR;26;nombre26;apellido26;3;1;270;0;0;0;0
BRA;1;nombre1;apellido1;2;1;180;0;0;0;1
BRA;2;nombre2;apellido2;3;3;300;0;0;0;1
BRA;3;nombre3;apellido3;4;2;390;0;0;0;0
BRA;4;nombre4;apellido4;5;2;480;0;1;0;2
BRA;5;nombre5;apellido5;3;1;270;0;0;0;2
BRA;6;nombre6;apellido6;2;1;210;0;0;0;0
BRA;7;nombre7;apellido7;1;1;90;0;0;0;0
BRA;8;nombre8;apellido8;3;1;300;0;0;0;1
BRA;9;nombre9;apellido9;3;1;300;0;0;0;1
BRA;10;nombre10;apellido10;3;2;300;0;0;0;0
BRA;11;nombre11;apellido11;3;2;300;0;0;0;0
BRA;12;nombre12;apellido12;0;1;0;0;0;0;0
BRA;13;nombre13;apellido13;2;2;180;0;1;0;0
BRA;14;nombre14;apellido14;1;1;90;0;0;0;0
BRA;15;nombre15;apellido15;2;1;180;0;0;0;0
BRA;16;nombre16;apellido16;3;2;300;0;0;0;1
BRA;17;nombre17;apellido17;2;1;210;0;0;0;0
BRA;18;nombre18;apellido18;2;1;180;0;0;0;0
BRA;19;nombre19;apellido19;0;1;0;0;0;0;0
BRA;20;nombre20;apellido20;1;1;120;0;0;0;0
BRA;21;nombre21;apellido21;1;0;90;0;0;0;0
BRA;22;nombre22;apellido22;0;0;0;0;0;0;0
BRA;23;nombre23;apellido23;3;0;270;0;0;0;0
BRA;24;nombre24;apellido24;2;0;180;0;0;0;0
BRA;25;nombre25;apellido25;1;0;90;0;1;0;0
BRA;26;nombre26;apellido26;3;0;270;0;1;0;0
NED;1;nombre1;apellido1;3;2;300;0;1;0;0
NED;2;nombre2;apellido2;2;1;210;0;0;0;0
NED;3;nombre3;apellido3;3;1;270;0;1;0;1
NED;4;nombre4;apellido4;4;1;420;0;0;0;2
NED;5;nombre5;apellido5;3;1;300;0;0;0;0
NED;6;nombre6;apellido6;3;2;300;0;0;0;0
NED;7;nombre7;apellido7;0;1;0;0;0;0;0
NED;8;nombre8;apellido8;4;2;390;0;0;0;0
NED;9;nombre9;apellido9;4;1;360;0;0;0;2
NED;10;nombre10;apellido10;1;1;90;0;1;0;1
NED;11;nombre11;apellido11;1;2;120;0;0;0;0
NED;12;nombre12;apellido12;4;1;390;0;0;0;0
NED;13;nombre13;apellido13;1;1;90;0;0;0;0
NED;14;nombre14;apellido14;1;2;120;0;0;0;0
NED;15;nombre15;apellido15;5;1;510;0;1;0;0
NED;16;nombre16;apellido16;3;1;300;0;0;0;1
NED;17;nombre17;apellido17;1;1;90;0;0;0;0
NED;18;nombre18;apellido18;3;1;300;0;0;0;1
NED;19;nombre19;apellido19;1;2;90;0;0;0;0
NED;20;nombre20;apellido20;2;4;240;0;0;0;0
NED;21;nombre21;apellido21;4;1;390;0;0;0;1
NED;22;nombre22;apellido22;3;1;300;0;0;0;0
NED;23;nombre23;apellido23;3;0;330;0;1;0;0
NED;24;nombre24;apellido24;3;0;300;0;0;0;0
NED;25;nombre25;apellido25;2;0;210;0;0;0;1
NED;26;nombre26;apellido26;2;1;180;0;0;0;1
BEL;1;nombre1;apellido1;0;1;0;0;0;0;0
BEL;2;nombre2;apellido2;3;1;300;0;0;0;1
BEL;3;nombre3;apellido3;5;1;480;0;1;0;1
BEL;4;nombre4;apellido4;1;2;90;0;0;0;1
BEL;5;nombre5;apellido5;2;1;180;0;0;0;0
BEL;6;nombre6;apellido6;2;2;210;0;0;0;0
BEL;7;nombre7;apellido7;0;1;0;0;0;0;0
BEL;8;nombre8;apellido8;3;1;270;0;0;0;0
BEL;9;nombre9;apellido9;3;2;270;0;0;0;2
BEL;10;nombre10;apellido10;2;1;210;0;0;0;0
BEL;11;nombre11;apellido11;3;2;270;0;0;0;1
BEL;12;nombre12;apellido12;3;2;300;0;0;0;2
BEL;13;nombre13;apellido13;1;1;90;0;0;0;0
BEL;14;nombre14;apellido14;4;3;390;0;1;0;0
BEL;15;nombre15;apellido15;3;1;300;0;0;0;1
BEL;16;nombre16;apellido16;4;3;390;0;0;0;0
BEL;17;nombre17;apellido17;3;1;300;0;0;0;0
BEL;18;nombre18;apellido18;2;1;180;0;1;0;1
BEL;19;nombre19;apellido19;1;1;90;0;0;0;0
BEL;20;nombre20;apellido20;2;1;180;0;1;0;1
BEL;21;nombre21;apellido21;2;0;180;0;0;0;0
BEL;22;nombre22;apellido22;2;0;210;0;1;0;0
BEL;23;nombre23;apellido23;0;0;0;0;0;0;0
BEL;24;nombre24;apellido24;1;0;90;0;0;0;0
BEL;25;nombre25;apellido25;1;0;120;0;0;0;0
BEL;26;nombre26;apellido26;2;0;180;0;1;0;1
GER;1;nombre1;apellido1;1;2;90;0;0;0;1
GER;2;nombre2;apellido2;2;1;210;0;0;0;1
GER;3;nombre3;apellido3;1;1;90;0;0;0;0
GER;4;nombre4;apellido4;2;2;210;0;0;0;1
GER;5;nombre5;apellido5;2;1;180;0;0;0;0
GER;6;nombre6;apellido6;0;1;0;0;0;0;0
GER;7;nombre7;apellido7;1;1;90;0;0;0;0
GER;8;nombre8;apellido8;3;1;300;0;0;0;2
GER;9;nombre9;apellido9;1;1;90;0;0;0;0
GER;10;nombre10;apellido10;3;2;300;0;0;0;2
GER;11;nombre11;apellido11;1;1;120;0;0;0;0
GER;12;nombre12;apellido12;2;1;210;0;0;0;0
GER;13;nombre13;apellido13;1;2;90;0;0;0;0
GER;14;nombre14;apellido14;1;1;90;0;0;0;0
GER;15;nombre15;apellido15;2;1;180;0;1;0;0
GER;16;nombre16;apellido16;0;1;0;0;0;0;0
GER;17;nombre17;apellido17;0;1;0;0;0;0;0
GER;18;nombre18;apellido18;3;2;300;0;0;0;0
GER;19;nombre19;apellido19;2;1;180;0;1;0;0
GER;20;nombre20;apellido20;3;2;300;0;0;0;2
GER;21;nombre21;apellido21;2;0;180;0;0;0;1
GER;22;nombre22;apellido22;2;1;180;0;0;0;1
GER;23;nombre23;apellido23;2;0;180;0;0;0;0
GER;24;nombre24;apellido24;2;0;210;0;0;0;0
GER;25;nombre25;apellido25;2;0;210;0;0;0;0
GER;26;nombre26;apellido26;3;0;300;0;1;0;1
ITA;1;nombre1;apellido1;1;2;90;0;0;0;0
ITA;2;nombre2;apellido2;3;2;330;0;0;0;0
ITA;3;nombre3;apellido3;4;1;420;0;1;0;0
ITA;4;nombre4;apellido4;4;1;420;0;1;0;2
ITA;5;nombre5;apellido5;3;1;330;0;1;0;0
ITA;6;nombre6;apellido6;3;2;330;0;0;0;0
ITA;7;nombre7;apellido7;2;1;240;0;0;0;0
ITA;8;nombre8;apellido8;3;1;300;0;3;0;2
ITA;9;nombre9;apellido9;2;1;240;0;0;0;1
ITA;10;nombre10;apellido10;1;1;90;0;0;0;0
ITA;11;nombre11;apellido11;2;1;210;0;0;0;0
ITA;12;nombre12;apellido12;3;3;330;0;2;0;1
ITA;13;nombre13;apellido13;3;1;270;0;0;0;0
ITA;14;nombre14;apellido14;4;3;420;0;1;0;1
ITA;15;nombre15;apellido15;2;1;180;0;0;0;0
ITA;16;nombre16;apellido16;2;2;210;0;1;0;0
ITA;17;nombre17;apellido17;1;1;90;0;0;0;0
ITA;18;nombre18;apellido18;4;2;450;0;0;0;1
ITA;19;nombre19;apellido19;2;1;210;0;0;0;0
ITA;20;nombre20;apellido20;3;1;300;0;0;0;0
ITA;21;nombre21;apellido21;2;0;240;0;1;0;0
ITA;22;nombre22;apellido22;1;0;90;0;0;0;0
ITA;23;nombre23;apellido23;5;2;510;0;0;0;1
ITA;24;nombre24;apellido24;3;0;300;0;0;0;0
ITA;25;nombre25;apellido25;1;1;120;0;0;0;0
ITA;26;nombre26;apellido26;2;1;210;0;0;0;0
MAR;1;nombre1;apellido1;2;2;210;0;0;0;1
MAR;2;nombre2;apellido2;3;1;300;0;1;0;1
MAR;3;nombre3;apellido3;2;1;210;0;0;0;0
MAR;4;nombre4;apellido4;2;1;180;0;1;0;0
MAR;5;nombre5;apellido5;3;1;270;0;0;0;0
MAR;6;nombre6;apellido6;2;1;180;0;0;0;1
MAR;7;nombre7;apellido7;4;2;390;0;0;0;0
MAR;8;nombre8;apellido8;5;1;480;0;0;0;1
MAR;9;nombre9;apellido9;2;3;210;0;0;0;0
MAR;10;nombre10;apellido10;1;1;90;0;0;0;0
MAR;11;nombre11;apellido11;4;1;390;0;1;0;1
MAR;12;nombre12;apellido12;2;1;180;0;0;0;0
MAR;13;nombre13;apellido13;2;1;180;0;0;0;1
MAR;14;nombre14;apellido14;1;1;90;0;0;0;0
MAR;15;nombre15;apellido15;2;1;180;0;0;0;0
MAR;16;nombre16;apellido16;1;1;90;0;0;0;0
MAR;17;nombre17;apellido17;1;1;90;0;0;0;0
MAR;18;nombre18;apellido18;3;2;300;0;0;0;0
MAR;19;nombre19;apellido19;1;0;90;0;1;0;0
MAR;20;nombre20;apellido20;2;1;180;0;1;0;0
MAR;21;nombre21;apellido21;3;0;300;0;0;0;0
MAR;22;nombre22;apellido22;1;0;90;0;0;0;0
MAR;23;nombre23;apellido23;2;0;180;0;0;0;1
MAR;24;nombre24;apellido24;1;0;120;0;0;0;0
MAR;25;nombre25;apellido25;0;0;0;0;0;0;0
MAR;26;nombre26;apellido26;3;1;300;0;0;0;0
URU;1;nombre1;apellido1;2;1;180;0;0;0;1
URU;2;nombre2;apellido2;2;1;180;0;0;0;0
URU;3;nombre3;apellido3;1;1;90;0;0;0;0
URU;4;nombre4;apellido4;1;1;90;0;0;0;0
URU;5;nombre5;apellido5;3;1;270;0;0;0;1
URU;6;nombre6;apellido6;4;2;360;0;0;0;0
URU;7;nombre7;apellido7;1;1;90;0;0;0;0
URU;8;nombre8;apellido8;3;1;270;0;0;0;0
URU;9;nombre9;apellido9;1;1;90;0;0;0;1
URU;10;nombre10;apellido10;2;1;180;0;0;0;1
URU;11;nombre11;apellido11;2;1;180;0;1;0;0
URU;12;nombre12;apellido12;2;2;180;0;0;0;0
URU;13;nombre13;apellido13;2;1;180;0;1;0;0
URU;14;nombre14;apellido14;1;1;90;0;0;0;0
URU;15;nombre15;apellido15;1;1;90;0;0;0;1
URU;16;nombre16;apellido16;2;1;180;0;0;0;1
URU;17;nombre17;apellido17;3;2;270;0;0;0;1
URU;18;nombre18;apellido18;2;0;180;0;1;0;0
URU;19;nombre19;apellido19;1;0;90;0;0;0;0
URU;20;nombre20;apellido20;2;0;180;0;0;0;1
URU;21;nombre21;apellido21;1;0;90;0;1;0;0
URU;22;nombre22;apellido22;0;0;0;0;0;0;0
URU;23;nombre23;apellido23;1;0;90;0;0;0;0
URU;24;nombre24;apellido24;1;0;90;0;0;0;0
URU;25;nombre25;apellido25;0;0;0;0;0;0;0
URU;26;nombre26;apellido26;3;1;270;0;0;0;1
COL;1;nombre1;apellido1;1;2;90;0;0;0;1
COL;2;nombre2;apellido2;2;1;210;0;0;0;0
COL;3;nombre3;apellido3;1;1;90;0;0;0;0
COL;4;nombre4;apellido4;2;1;210;0;0;0;0
COL;5;nombre5;apellido5;0;1;0;0;0;0;0
COL;6;nombre6;apellido6;2;1;180;0;0;0;0
COL;7;nombre7;apellido7;2;1;210;0;0;0;0
COL;8;nombre8;apellido8;1;1;90;0;0;0;0
COL;9;nombre9;apellido9;2;1;180;0;0;0;0
COL;10;nombre10;apellido10;2;2;180;0;0;0;1
COL;11;nombre11;apellido11;1;2;90;0;1;0;0
COL;12;nombre12;apellido12;2;1;180;0;0;0;1
COL;13;nombre13;apellido13;0;1;0;0;0;0;0
COL;14;nombre14;apellido14;2;1;210;0;0;0;0
COL;15;nombre15;apellido15;2;1;210;0;0;0;0
COL;16;nombre16;apellido16;0;1;0;0;0;0;0
COL;17;nombre17;apellido17;2;1;210;0;0;0;0
COL;18;nombre18;apellido18;2;0;180;0;1;0;0
COL;19;nombre19;apellido19;2;0;210;0;0;0;0
COL;20;nombre20;apellido20;3;0;300;0;0;0;1
COL;21;nombre21;apellido21;2;0;180;0;0;0;1
COL;22;nombre22;apellido22;3;0;300;0;0;0;0
COL;23;nombre23;apellido23;3;0;300;0;0;0;0
COL;24;nombre24;apellido24;1;0;120;0;0;0;0
COL;25;nombre25;apellido25;2;0;180;0;0;0;0
COL;26;nombre26;apellido26;2;0;180;0;0;0;0
CRO;1;nombre1;apellido1;2;1;180;0;0;0;0
CRO;2;nombre2;apellido2;1;2;90;0;0;0;0
CRO;3;nombre3;apellido3;2;2;210;0;0;0;0
CRO;4;nombre4;apellido4;2;1;180;0;0;0;0
CRO;5;nombre5;apellido5;3;2;270;0;1;0;0
CRO;6;nombre6;apellido6;1;1;90;0;0;0;0
CRO;7;nombre7;apellido7;3;1;270;0;0;0;1
CRO;8;nombre8;apellido8;1;2;90;0;0;0;0
CRO;9;nombre9;apellido9;5;1;480;0;0;0;1
CRO;10;nombre10;apellido10;2;2;180;0;0;0;1
CRO;11;nombre11;apellido11;3;1;300;0;0;0;0
CRO;12;nombre12;apellido12;0;1;0;0;0;0;0
CRO;13;nombre13;apellido13;2;1;210;0;0;0;0
CRO;14;nombre14;apellido14;4;2;390;0;0;0;0
CRO;15;nombre15;apellido15;2;2;180;0;0;0;0
CRO;16;nombre16;apellido16;2;1;210;0;0;0;1
CRO;17;nombre17;apellido17;3;1;300;0;0;0;1
CRO;18;nombre18;apellido18;0;1;0;0;0;0;0
CRO;19;nombre19;apellido19;3;1;270;0;0;0;0
CRO;20;nombre20;apellido20;1;0;90;0;0;0;1
CRO;21;nombre21;apellido21;3;0;300;0;0;0;0
CRO;22;nombre22;apellido22;0;0;0;0;0;0;0
CRO;23;nombre23;apellido23;2;2;210;0;0;0;1
CRO;24;nombre24;apellido24;4;0;390;0;0;0;0
CRO;25;nombre25;apellido25;2;0;180;0;1;0;0
CRO;26;nombre26;apellido26;2;0;210;0;0;0;0
MEX;1;nombre1;apellido1;2;1;180;0;0;0;1
MEX;2;nombre2;apellido2;2;1;180;0;0;0;0
MEX;3;nombre3;apellido3;4;1;360;0;0;0;0
MEX;4;nombre4;apellido4;3;1;270;0;0;0;0
MEX;5;nombre5;apellido5;3;2;270;0;0;0;1
MEX;6;nombre6;apellido6;1;1;90;0;0;0;0
MEX;7;nombre7;apellido7;1;1;90;0;0;0;1
MEX;8;nombre8;apellido8;2;1;180;0;0;0;0
MEX;9;nombre9;apellido9;0;1;0;0;0;0;0
MEX;10;nombre10;apellido10;1;1;90;0;0;0;0
MEX;11;nombre11;apellido11;1;1;90;0;0;0;0
MEX;12;nombre12;apellido12;2;1;180;0;0;0;2
MEX;13;nombre13;apellido13;1;1;90;0;0;0;0
MEX;14;nombre14;apellido14;2;1;180;0;1;0;0
MEX;15;nombre15;apellido15;1;1;90;0;0;0;0
MEX;16;nombre16;apellido16;1;0;90;0;0;0;0
MEX;17;nombre17;apellido17;3;0;270;0;0;0;0
MEX;18;nombre18;apellido18;1;0;90;0;1;0;0
MEX;19;nombre19;apellido19;2;0;180;0;0;0;0
MEX;20;nombre20;apellido20;0;0;0;0;0;0;0
MEX;21;nombre21;apellido21;1;0;90;0;0;0;0
MEX;22;nombre22;apellido22;2;1;180;0;1;0;1
MEX;23;nombre23;apellido23;3;1;270;0;0;0;0
MEX;24;nombre24;apellido24;2;0;180;0;0;0;0
MEX;25;nombre25;apellido25;0;0;0;0;0;0;0
MEX;26;nombre26;apellido26;3;0;270;0;0;0;1
USA;1;nombre1;apellido1;2;2;180;0;0;0;1
USA;2;nombre2;apellido2;0;1;0;0;0;0;0
USA;3;nombre3;apellido3;1;1;90;0;0;0;0
USA;4;nombre4;apellido4;3;1;270;0;2;1;1
USA;5;nombre5;apellido5;1;1;90;0;0;0;0
USA;6;nombre6;apellido6;2;1;180;0;0;0;0
USA;7;nombre7;apellido7;2;1;180;0;1;0;2
USA;8;nombre8;apellido8;0;1;0;0;0;0;0
USA;9;nombre9;apellido9;0;1;0;0;0;0;0
USA;10;nombre10;apellido10;0;1;0;0;0;0;0
USA;11;nombre11;apellido11;0;1;0;0;0;0;0
USA;12;nombre12;apellido12;1;1;90;0;0;0;0
USA;13;nombre13;apellido13;2;1;180;0;0;0;0
USA;14;nombre14;apellido14;2;2;180;0;0;0;0
USA;15;nombre15;apellido15;0;1;0;0;0;0;0
USA;16;nombre16;apellido16;2;1;180;0;0;0;0
USA;17;nombre17;apellido17;1;0;90;0;0;0;0
USA;18;nombre18;apellido18;2;0;180;0;0;0;1
USA;19;nombre19;apellido19;2;0;180;0;0;0;0
USA;20;nombre20;apellido20;0;0;0;0;0;0;0
USA;21;nombre21;apellido21;2;0;180;0;0;0;1
USA;22;nombre22;apellido22;3;0;270;0;0;0;0
USA;23;nombre23;apellido23;2;0;180;0;0;0;0
USA;24;nombre24;apellido24;1;0;90;0;0;0;1
USA;25;nombre25;apellido25;1;0;90;0;0;0;0
USA;26;nombre26;apellido26;1;0;90;0;0;0;1
JPN;1;nombre1;apellido1;2;1;180;0;0;0;0
JPN;2;nombre2;apellido2;3;2;270;0;1;0;1
JPN;3;nombre3;apellido3;4;2;360;0;0;0;0
JPN;4;nombre4;apellido4;2;1;180;0;0;0;0
JPN;5;nombre5;apellido5;2;1;180;0;0;0;0
JPN;6;nombre6;apellido6;5;3;450;0;0;0;0
JPN;7;nombre7;apellido7;2;1;180;0;0;0;1
JPN;8;nombre8;apellido8;3;1;270;0;0;0;0
JPN;9;nombre9;apellido9;2;1;180;0;0;0;0
JPN;10;nombre10;apellido10;2;2;180;0;0;0;0
JPN;11;nombre11;apellido11;2;1;180;0;0;0;1
JPN;12;nombre12;apellido12;3;1;270;0;0;0;0
JPN;13;nombre13;apellido13;4;2;360;0;0;0;0
JPN;14;nombre14;apellido14;6;2;540;0;1;0;0
JPN;15;nombre15;apellido15;3;2;270;0;1;0;0
JPN;16;nombre16;apellido16;4;1;360;0;1;0;0
JPN;17;nombre17;apellido17;5;1;450;0;1;0;1
JPN;18;nombre18;apellido18;4;1;360;0;0;0;1
JPN;19;nombre19;apellido19;6;3;540;0;1;0;2
JPN;20;nombre20;apellido20;3;1;270;0;0;0;1
JPN;21;nombre21;apellido21;5;1;450;0;0;0;1
JPN;22;nombre22;apellido22;4;1;360;0;0;0;0
JPN;23;nombre23;apellido23;5;1;450;0;0;0;2
JPN;24;nombre24;apellido24;3;3;270;0;0;0;0
JPN;25;nombre25;apellido25;0;0;0;0;0;0;0
JPN;26;nombre26;apellido26;4;0;360;0;1;0;0
IRN;1;nombre1;apellido1;1;2;90;0;0;0;0
IRN;2;nombre2;apellido2;2;2;180;0;1;0;0
IRN;3;nombre3;apellido3;1;2;90;0;0;0;0
IRN;4;nombre4;apellido4;1;1;90;0;0;0;0
IRN;5;nombre5;apellido5;0;1;0;0;0;0;0
IRN;6;nombre6;apellido6;2;2;180;0;0;0;0
IRN;7;nombre7;apellido7;3;1;270;0;0;0;0
IRN;8;nombre8;apellido8;1;1;90;0;0;0;1
IRN;9;nombre9;apellido9;1;1;90;0;0;0;0
IRN;10;nombre10;apellido10;2;1;180;0;0;0;0
IRN;11;nombre11;apellido11;2;1;180;0;0;0;0
IRN;12;nombre12;apellido12;4;1;360;0;1;0;0
IRN;13;nombre13;apellido13;4;3;360;0;1;0;0
IRN;14;nombre14;apellido14;1;1;90;0;0;0;0
IRN;15;nombre15;apellido15;3;1;270;0;0;0;0
IRN;16;nombre16;apellido16;0;1;0;0;0;0;0
IRN;17;nombre17;apellido17;0;0;0;0;0;0;0
IRN;18;nombre18;apellido18;2;0;180;0;0;0;0
IRN;19;nombre19;apellido19;2;0;180;0;0;0;0
IRN;20;nombre20;apellido20;1;0;90;0;0;0;1
IRN;21;nombre21;apellido21;3;0;270;0;0;0;1
IRN;22;nombre22;apellido22;0;0;0;0;0;0;0
IRN;23;nombre23;apellido23;1;0;90;0;0;0;0
IRN;24;nombre24;apellido24;3;0;270;0;0;0;1
IRN;25;nombre25;apellido25;1;0;90;0;0;0;0
IRN;26;nombre26;apellido26;3;0;270;0;1;0;0
SEN;1;nombre1;apellido1;2;1;210;0;0;0;0
SEN;2;nombre2;apellido2;1;1;120;0;0;0;0
SEN;3;nombre3;apellido3;1;2;90;0;0;0;0
SEN;4;nombre4;apellido4;2;1;180;0;1;0;0
SEN;5;nombre5;apellido5;2;2;210;0;0;0;0
SEN;6;nombre6;apellido6;1;1;120;0;0;0;0
SEN;7;nombre7;apellido7;3;1;270;0;0;0;0
SEN;8;nombre8;apellido8;3;1;270;0;0;0;1
SEN;9;nombre9;apellido9;0;1;0;0;0;0;0
SEN;10;nombre10;apellido10;2;1;210;0;0;0;0
SEN;11;nombre11;apellido11;1;1;90;0;0;0;0
SEN;12;nombre12;apellido12;2;0;210;0;0;0;0
SEN;13;nombre13;apellido13;1;0;90;0;0;0;0
SEN;14;nombre14;apellido14;2;0;180;0;0;0;1
SEN;15;nombre15;apellido15;1;0;90;0;0;0;0
SEN;16;nombre16;apellido16;0;0;0;0;0;0;0
SEN;17;nombre17;apellido17;3;0;300;0;0;0;0
SEN;18;nombre18;apellido18;3;1;300;0;0;0;1
SEN;19;nombre19;apellido19;3;0;300;0;0;0;1
SEN;20;nombre20;apellido20;1;0;90;0;0;0;0
SEN;21;nombre21;apellido21;2;0;180;0;0;0;0
SEN;22;nombre22;apellido22;3;0;300;0;0;0;1
SEN;23;nombre23;apellido23;1;0;90;0;0;0;0
SEN;24;nombre24;apellido24;1;0;90;0;0;0;0
SEN;25;nombre25;apellido25;1;1;90;0;0;0;0
SEN;26;nombre26;apellido26;2;0;210;0;0;0;0
DEN;1;nombre1;apellido1;1;1;90;0;0;0;0
DEN;2;nombre2;apellido2;1;1;90;0;0;0;0
DEN;3;nombre3;apellido3;1;1;90;0;0;0;0
DEN;4;nombre4;apellido4;3;1;270;0;0;0;0
DEN;5;nombre5;apellido5;2;2;180;0;0;0;0
DEN;6;nombre6;apellido6;2;1;180;0;0;0;0
DEN;7;nombre7;apellido7;1;1;90;0;1;0;0
DEN;8;nombre8;apellido8;1;1;90;0;0;0;0
DEN;9;nombre9;apellido9;1;1;90;0;0;0;0
DEN;10;nombre10;apellido10;2;1;180;0;1;0;0
DEN;11;nombre11;apellido11;1;1;90;0;0;0;0
DEN;12;nombre12;apellido12;1;2;90;0;1;0;0
DEN;13;nombre13;apellido13;1;1;90;0;0;0;0
DEN;14;nombre14;apellido14;2;1;180;0;0;0;1
DEN;15;nombre15;apellido15;1;1;90;0;0;0;0
DEN;16;nombre16;apellido16;0;1;0;0;0;0;0
DEN;17;nombre17;apellido17;1;1;90;0;0;0;0
DEN;18;nombre18;apellido18;1;0;90;0;0;0;0
DEN;19;nombre19;apellido19;0;0;0;0;0;0;0
DEN;20;nombre20;apellido20;1;0;90;0;1;0;0
DEN;21;nombre21;apellido21;1;0;90;0;0;0;1
DEN;22;nombre22;apellido22;1;1;90;0;0;0;0
DEN;23;nombre23;apellido23;1;0;90;0;0;0;0
DEN;24;nombre24;apellido24;2;0;180;0;1;0;0
DEN;25;nombre25;apellido25;2;0;180;0;0;0;0
DEN;26;nombre26;apellido26;2;1;180;0;0;0;0
AUT;1;nombre1;apellido1;3;1;270;0;0;0;2
AUT;2;nombre2;apellido2;3;1;300;0;0;0;0
AUT;3;nombre3;apellido3;1;1;120;0;0;0;0
AUT;4;nombre4;apellido4;2;1;180;0;0;0;0
AUT;5;nombre5;apellido5;0;1;0;0;0;0;0
AUT;6;nombre6;apellido6;1;1;120;0;0;0;0
AUT;7;nombre7;apellido7;2;2;180;0;0;0;2
AUT;8;nombre8;apellido8;1;1;90;0;1;0;0
AUT;9;nombre9;apellido9;3;1;300;0;1;0;0
AUT;10;nombre10;apellido10;1;1;90;0;0;0;0
AUT;11;nombre11;apellido11;1;1;90;0;0;0;0
AUT;12;nombre12;apellido12;2;1;180;0;0;0;1
AUT;13;nombre13;apellido13;2;2;210;0;0;0;0
AUT;14;nombre14;apellido14;0;1;0;0;0;0;0
AUT;15;nombre15;apellido15;2;1;180;0;0;0;0
AUT;16;nombre16;apellido16;3;1;300;0;0;0;0
AUT;17;nombre17;apellido17;2;0;210;0;0;0;0
AUT;18;nombre18;apellido18;1;0;90;0;0;0;0
AUT;19;nombre19;apellido19;1;0;120;0;0;0;0
AUT;20;nombre20;apellido20;3;0;300;0;0;0;0
AUT;21;nombre21;apellido21;3;1;270;0;0;0;0
AUT;22;nombre22;apellido22;2;1;180;0;0;0;0
AUT;23;nombre23;apellido23;0;0;0;0;0;0;0
AUT;24;nombre24;apellido24;1;0;120;0;0;0;0
AUT;25;nombre25;apellido25;2;0;180;0;0;0;0
AUT;26;nombre26;apellido26;2;1;210;0;0;0;2
KOR;1;nombre1;apellido1;2;1;210;0;0;0;0
KOR;2;nombre2;apellido2;1;1;90;0;0;0;0
KOR;3;nombre3;apellido3;3;1;300;0;1;0;0
KOR;4;nombre4;apellido4;1;1;120;0;0;0;0
KOR;5;nombre5;apellido5;3;2;300;0;0;0;0
KOR;6;nombre6;apellido6;4;1;420;0;0;0;0
KOR;7;nombre7;apellido7;3;3;300;0;0;0;1
KOR;8;nombre8;apellido8;2;1;210;0;0;0;1
KOR;9;nombre9;apellido9;1;1;90;0;0;0;0
KOR;10;nombre10;apellido10;0;1;0;0;0;0;0
KOR;11;nombre11;apellido11;3;1;300;0;0;0;1
KOR;12;nombre12;apellido12;2;1;210;0;0;0;0
KOR;13;nombre13;apellido13;3;1;300;0;0;0;1
KOR;14;nombre14;apellido14;3;2;300;0;0;0;0
KOR;15;nombre15;apellido15;4;0;390;0;0;0;0
KOR;16;nombre16;apellido16;2;1;210;0;0;0;0
KOR;17;nombre17;apellido17;1;1;120;0;0;0;0
KOR;18;nombre18;apellido18;3;1;330;0;0;0;0
KOR;19;nombre19;apellido19;4;1;390;0;0;0;1
KOR;20;nombre20;apellido20;1;0;120;0;0;0;1
KOR;21;nombre21;apellido21;1;0;90;0;0;0;0
KOR;22;nombre22;apellido22;2;1;210;0;0;0;1
KOR;23;nombre23;apellido23;3;1;330;0;0;0;1
KOR;24;nombre24;apellido24;2;0;180;0;0;0;0
KOR;25;nombre25;apellido25;0;0;0;0;0;0;0
KOR;26;nombre26;apellido26;1;0;90;0;0;0;1
AUS;1;nombre1;apellido1;2;1;180;0;0;0;0
AUS;2;nombre2;apellido2;1;1;90;0;0;0;0
AUS;3;nombre3;apellido3;2;1;180;0;0;0;0
AUS;4;nombre4;apellido4;2;2;180;0;0;0;1
AUS;5;nombre5;apellido5;2;1;180;0;0;0;2
AUS;6;nombre6;apellido6;0;1;0;0;0;0;0
AUS;7;nombre7;apellido7;1;1;90;0;1;0;0
AUS;8;nombre8;apellido8;3;1;270;0;0;0;0
AUS;9;nombre9;apellido9;1;2;90;0;0;0;0
AUS;10;nombre10;apellido10;1;1;90;0;0;0;1
AUS;11;nombre11;apellido11;2;1;180;0;0;0;0
AUS;12;nombre12;apellido12;3;2;270;0;0;0;1
AUS;13;nombre13;apellido13;2;1;180;0;0;0;0
AUS;14;nombre14;apellido14;2;1;180;0;0;0;0
AUS;15;nombre15;apellido15;3;1;270;0;0;0;1
AUS;16;nombre16;apellido16;0;0;0;0;0;0;0
AUS;17;nombre17;apellido17;2;0;180;0;0;0;0
AUS;18;nombre18;apellido18;3;0;270;0;0;0;0
AUS;19;nombre19;apellido19;1;0;90;0;0;0;0
AUS;20;nombre20;apellido20;1;0;90;0;0;0;0
AUS;21;nombre21;apellido21;3;2;270;0;0;0;0
AUS;22;nombre22;apellido22;2;0;180;0;0;0;0
AUS;23;nombre23;apellido23;3;1;270;0;1;0;0
AUS;24;nombre24;apellido24;0;0;0;0;0;0;0
AUS;25;nombre25;apellido25;0;0;0;0;0;0;0
AUS;26;nombre26;apellido26;2;0;180;0;0;0;0
TUR;1;nombre1;apellido1;1;1;90;0;0;0;0
TUR;2;nombre2;apellido2;2;1;180;0;0;0;0
TUR;3;nombre3;apellido3;1;1;90;0;0;0;0
TUR;4;nombre4;apellido4;1;1;90;0;0;0;0
TUR;5;nombre5;apellido5;2;1;180;0;0;0;0
TUR;6;nombre6;apellido6;2;1;180;0;1;0;0
TUR;7;nombre7;apellido7;2;1;180;0;0;0;0
TUR;8;nombre8;apellido8;2;1;180;0;0;0;1
TUR;9;nombre9;apellido9;1;1;90;0;0;0;0
TUR;10;nombre10;apellido10;2;2;180;0;0;0;1
TUR;11;nombre11;apellido11;2;1;180;0;0;0;0
TUR;12;nombre12;apellido12;0;1;0;0;0;0;0
TUR;13;nombre13;apellido13;3;1;270;0;0;0;0
TUR;14;nombre14;apellido14;0;1;0;0;0;0;0
TUR;15;nombre15;apellido15;2;1;180;0;0;0;0
TUR;16;nombre16;apellido16;1;0;90;0;0;0;0
TUR;17;nombre17;apellido17;1;0;90;0;0;0;0
TUR;18;nombre18;apellido18;1;0;90;0;0;0;0
TUR;19;nombre19;apellido19;2;0;180;0;0;0;0
TUR;20;nombre20;apellido20;2;0;180;0;0;0;0
TUR;21;nombre21;apellido21;0;0;0;0;0;0;0
TUR;22;nombre22;apellido22;0;0;0;0;0;0;0
TUR;23;nombre23;apellido23;0;0;0;0;0;0;0
TUR;24;nombre24;apellido24;0;0;0;0;0;0;0
TUR;25;nombre25;apellido25;1;1;90;0;0;0;0
TUR;26;nombre26;apellido26;2;0;180;0;1;0;1
SRB;1;nombre1;apellido1;1;1;90;0;0;0;0
SRB;2;nombre2;apellido2;0;1;0;0;0;0;0
SRB;3;nombre3;apellido3;1;2;90;0;0;0;0
SRB;4;nombre4;apellido4;0;1;0;0;0;0;0
SRB;5;nombre5;apellido5;2;1;180;0;0;0;0
SRB;6;nombre6;apellido6;0;1;0;0;0;0;0
SRB;7;nombre7;apellido7;2;1;180;0;1;0;1
SRB;8;nombre8;apellido8;0;1;0;0;0;0;0
SRB;9;nombre9;apellido9;1;1;90;0;0;0;0
SRB;10;nombre10;apellido10;2;1;180;0;0;0;0
SRB;11;nombre11;apellido11;2;1;180;0;1;0;0
SRB;12;nombre12;apellido12;1;1;90;0;0;0;0
SRB;13;nombre13;apellido13;0;1;0;0;0;0;0
SRB;14;nombre14;apellido14;1;1;90;0;0;0;0
SRB;15;nombre15;apellido15;3;0;270;0;0;0;0
SRB;16;nombre16;apellido16;1;1;90;0;0;0;0
SRB;17;nombre17;apellido17;0;0;0;0;0;0;0
SRB;18;nombre18;apellido18;2;0;180;0;0;0;2
SRB;19;nombre19;apellido19;2;0;180;0;0;0;1
SRB;20;nombre20;apellido20;2;0;180;0;0;0;0
SRB;21;nombre21;apellido21;2;0;180;0;0;0;0
SRB;22;nombre22;apellido22;2;0;180;0;0;0;0
SRB;23;nombre23;apellido23;1;0;90;0;0;0;1
SRB;24;nombre24;apellido24;2;1;180;0;0;0;0
SRB;25;nombre25;apellido25;1;0;90;0;0;0;0
SRB;26;nombre26;apellido26;2;0;180;0;0;0;0
SWE;1;nombre1;apellido1;0;1;0;0;0;0;0
SWE;2;nombre2;apellido2;0;1;0;0;0;0;0
SWE;3;nombre3;apellido3;1;1;90;0;0;0;0
SWE;4;nombre4;apellido4;2;1;180;0;0;0;0
SWE;5;nombre5;apellido5;3;2;270;0;1;0;0
SWE;6;nombre6;apellido6;3;1;270;0;0;0;3
SWE;7;nombre7;apellido7;0;1;0;0;0;0;0
SWE;8;nombre8;apellido8;3;1;270;0;0;0;0
SWE;9;nombre9;apellido9;2;1;180;0;0;0;1
SWE;10;nombre10;apellido10;1;2;90;0;0;0;0
SWE;11;nombre11;apellido11;2;1;180;0;0;0;1
SWE;12;nombre12;apellido12;2;2;180;0;0;0;0
SWE;13;nombre13;apellido13;1;2;90;0;0;0;0
SWE;14;nombre14;apellido14;2;1;180;0;0;0;1
SWE;15;nombre15;apellido15;0;0;0;0;0;0;0
SWE;16;nombre16;apellido16;1;0;90;0;0;0;0
SWE;17;nombre17;apellido17;2;0;180;0;0;0;0
SWE;18;nombre18;apellido18;2;0;180;0;0;0;0
SWE;19;nombre19;apellido19;4;1;360;0;0;0;0
SWE;20;nombre20;apellido20;0;0;0;0;0;0;0
SWE;21;nombre21;apellido21;3;0;270;0;0;0;1
SWE;22;nombre22;apellido22;3;0;270;0;0;0;1
SWE;23;nombre23;apellido23;3;0;270;0;1;0;1
SWE;24;nombre24;apellido24;1;0;90;0;0;0;0
SWE;25;nombre25;apellido25;1;0;90;0;0;0;0
SWE;26;nombre26;apellido26;2;0;180;0;0;0;0
EGY;1;nombre1;apellido1;4;1;360;0;0;0;0
EGY;2;nombre2;apellido2;4;1;360;0;1;0;0
EGY;3;nombre3;apellido3;4;2;360;0;0;0;1
EGY;4;nombre4;apellido4;3;1;270;0;0;0;0
EGY;5;nombre5;apellido5;3;2;270;0;0;0;0
EGY;6;nombre6;apellido6;2;1;180;0;0;0;1
EGY;7;nombre7;apellido7;5;2;450;0;0;0;0
EGY;8;nombre8;apellido8;4;2;360;0;0;0;0
EGY;9;nombre9;apellido9;5;3;450;0;0;0;0
EGY;10;nombre10;apellido10;3;1;270;0;0;0;0
EGY;11;nombre11;apellido11;4;1;360;0;0;0;0
EGY;12;nombre12;apellido12;5;2;450;0;1;0;1
EGY;13;nombre13;apellido13;3;1;270;0;0;0;1
EGY;14;nombre14;apellido14;2;3;180;0;0;0;0
EGY;15;nombre15;apellido15;3;2;270;0;0;0;0
EGY;16;nombre16;apellido16;3;1;270;0;0;0;0
EGY;17;nombre17;apellido17;4;2;360;0;0;0;2
EGY;18;nombre18;apellido18;4;3;360;0;1;0;1
EGY;19;nombre19;apellido19;5;0;450;0;0;0;0
EGY;20;nombre20;apellido20;2;0;180;0;1;0;1
EGY;21;nombre21;apellido21;2;0;180;0;0;0;0
EGY;22;nombre22;apellido22;2;0;180;0;0;0;0
EGY;23;nombre23;apellido23;4;0;360;0;1;0;0
EGY;24;nombre24;apellido24;3;0;270;0;0;0;0
EGY;25;nombre25;apellido25;1;1;90;0;0;0;1
EGY;26;nombre26;apellido26;4;0;360;0;0;0;0
CAN;1;nombre1;apellido1;1;1;90;0;0;0;0
CAN;2;nombre2;apellido2;0;1;0;0;0;0;0
CAN;3;nombre3;apellido3;2;2;180;0;0;0;0
CAN;4;nombre4;apellido4;2;1;180;0;0;0;0
CAN;5;nombre5;apellido5;2;2;180;0;0;0;0
CAN;6;nombre6;apellido6;2;1;180;0;0;0;0
CAN;7;nombre7;apellido7;3;1;270;0;0;0;0
CAN;8;nombre8;apellido8;1;1;90;0;0;0;0
CAN;9;nombre9;apellido9;3;1;270;0;0;0;1
CAN;10;nombre10;apellido10;2;2;180;0;0;0;0
CAN;11;nombre11;apellido11;2;1;180;0;0;0;1
CAN;12;nombre12;apellido12;2;1;180;0;0;0;1
CAN;13;nombre13;apellido13;0;1;0;0;0;0;0
CAN;14;nombre14;apellido14;1;1;90;0;0;0;0
CAN;15;nombre15;apellido15;3;0;270;0;1;0;0
CAN;16;nombre16;apellido16;2;0;180;0;0;0;1
CAN;17;nombre17;apellido17;2;0;180;0;0;0;0
CAN;18;nombre18;apellido18;2;0;180;0;0;0;0
CAN;19;nombre19;apellido19;1;0;90;0;0;0;0
CAN;20;nombre20;apellido20;2;0;180;0;0;0;1
CAN;21;nombre21;apellido21;3;1;270;0;0;0;0
CAN;22;nombre22;apellido22;0;0;0;0;0;0;0
CAN;23;nombre23;apellido23;3;1;270;0;0;0;0
CAN;24;nombre24;apellido24;2;0;180;0;0;0;1
CAN;25;nombre25;apellido25;0;0;0;0;0;0;0
CAN;26;nombre26;apellido26;1;0;90;0;0;0;0
PAR;1;nombre1;apellido1;2;1;180;0;0;0;0
PAR;2;nombre2;apellido2;1;1;90;0;0;0;0
PAR;3;nombre3;apellido3;1;1;90;0;0;0;0
PAR;4;nombre4;apellido4;2;1;180;0;2;0;0
PAR;5;nombre5;apellido5;1;1;90;0;0;0;0
PAR;6;nombre6;apellido6;0;1;0;0;0;0;0
PAR;7;nombre7;apellido7;1;1;90;0;0;0;0
PAR;8;nombre8;apellido8;2;1;180;0;0;0;0
PAR;9;nombre9;apellido9;1;1;90;0;0;0;0
PAR;10;nombre10;apellido10;3;1;270;0;1;0;1
PAR;11;nombre11;apellido11;1;1;90;0;0;0;0
PAR;12;nombre12;apellido12;2;3;180;0;0;0;0
PAR;13;nombre13;apellido13;1;1;90;0;0;0;0
PAR;14;nombre14;apellido14;2;0;180;0;0;0;0
PAR;15;nombre15;apellido15;2;0;180;0;0;0;0
PAR;16;nombre16;apellido16;1;0;90;0;0;0;0
PAR;17;nombre17;apellido17;0;0;0;0;0;0;0
PAR;18;nombre18;apellido18;2;0;180;0;0;0;0
PAR;19;nombre19;apellido19;0;0;0;0;0;0;0
PAR;20;nombre20;apellido20;1;0;90;0;1;0;0
PAR;21;nombre21;apellido21;2;1;180;0;0;0;0
PAR;22;nombre22;apellido22;1;0;90;0;0;0;1
PAR;23;nombre23;apellido23;0;0;0;0;0;0;0
PAR;24;nombre24;apellido24;1;0;90;0;0;0;0
PAR;25;nombre25;apellido25;1;0;90;0;0;0;0
PAR;26;nombre26;apellido26;2;0;180;0;0;0;0
PAN;1;nombre1;apellido1;3;1;270;0;0;0;0
PAN;2;nombre2;apellido2;0;1;0;0;0;0;0
PAN;3;nombre3;apellido3;2;1;180;0;0;0;0
PAN;4;nombre4;apellido4;2;2;180;0;0;0;0
PAN;5;nombre5;apellido5;1;1;90;0;0;0;0
PAN;6;nombre6;apellido6;1;1;90;0;0;0;0
PAN;7;nombre7;apellido7;0;1;0;0;0;0;0
PAN;8;nombre8;apellido8;2;1;180;0;1;0;0
PAN;9;nombre9;apellido9;2;1;180;0;0;0;0
PAN;10;nombre10;apellido10;3;1;270;0;0;0;0
PAN;11;nombre11;apellido11;1;1;90;0;0;0;0
PAN;12;nombre12;apellido12;1;0;90;0;0;0;0
PAN;13;nombre13;apellido13;2;0;180;0;0;0;0
PAN;14;nombre14;apellido14;1;0;90;0;0;0;0
PAN;15;nombre15;apellido15;1;0;90;0;0;0;0
PAN;16;nombre16;apellido16;1;0;90;0;0;0;0
PAN;17;nombre17;apellido17;1;0;90;0;0;0;0
PAN;18;nombre18;apellido18;0;0;0;0;0;0;0
PAN;19;nombre19;apellido19;1;1;90;0;0;0;0
PAN;20;nombre20;apellido20;2;0;180;0;0;0;1
PAN;21;nombre21;apellido21;2;0;180;0;0;0;0
PAN;22;nombre22;apellido22;0;0;0;0;0;0;0
PAN;23;nombre23;apellido23;2;1;180;0;0;0;0
PAN;24;nombre24;apellido24;1;0;90;0;0;0;0
PAN;25;nombre25;apellido25;0;0;0;0;0;0;0
PAN;26;nombre26;apellido26;1;0;90;0;0;0;1
NGA;1;nombre1;apellido1;2;1;180;0;0;0;0
NGA;2;nombre2;apellido2;0;1;0;0;0;0;0
NGA;3;nombre3;apellido3;0;1;0;0;0;0;0
NGA;4;nombre4;apellido4;0;1;0;0;0;0;0
NGA;5;nombre5;apellido5;2;2;180;0;0;0;0
NGA;6;nombre6;apellido6;3;1;270;0;0;0;0
NGA;7;nombre7;apellido7;1;1;90;0;0;0;0
NGA;8;nombre8;apellido8;1;1;90;0;1;0;0
NGA;9;nombre9;apellido9;0;1;0;0;0;0;0
NGA;10;nombre10;apellido10;1;2;90;0;0;0;0
NGA;11;nombre11;apellido11;2;0;180;0;0;0;1
NGA;12;nombre12;apellido12;1;0;90;0;0;0;0
NGA;13;nombre13;apellido13;1;0;90;0;0;0;0
NGA;14;nombre14;apellido14;2;0;180;0;0;0;1
NGA;15;nombre15;apellido15;0;0;0;0;0;0;0
NGA;16;nombre16;apellido16;2;1;180;0;0;0;0
NGA;17;nombre17;apellido17;1;0;90;0;0;0;0
NGA;18;nombre18;apellido18;3;0;270;0;0;0;0
NGA;19;nombre19;apellido19;0;0;0;0;0;0;0
NGA;20;nombre20;apellido20;1;0;90;0;0;0;0
NGA;21;nombre21;apellido21;3;0;270;0;0;0;1
NGA;22;nombre22;apellido22;1;0;90;0;0;0;0
NGA;23;nombre23;apellido23;1;0;90;0;0;0;0
NGA;24;nombre24;apellido24;2;0;180;0;0;0;0
NGA;25;nombre25;apellido25;1;0;90;0;0;0;0
NGA;26;nombre26;apellido26;2;0;180;0;0;0;0
CRC;1;nombre1;apellido1;1;1;90;0;0;0;0
CRC;2;nombre2;apellido2;2;1;180;0;0;0;1
CRC;3;nombre3;apellido3;1;1;90;0;0;0;0
CRC;4;nombre4;apellido4;1;1;90;0;0;0;0
CRC;5;nombre5;apellido5;0;1;0;0;0;0;0
CRC;6;nombre6;apellido6;1;1;90;0;0;0;0
CRC;7;nombre7;apellido7;2;1;180;0;2;1;0
CRC;8;nombre8;apellido8;2;2;180;0;0;0;0
CRC;9;nombre9;apellido9;2;1;180;0;0;0;0
CRC;10;nombre10;apellido10;2;2;180;0;0;0;2
CRC;11;nombre11;apellido11;1;0;90;0;0;0;0
CRC;12;nombre12;apellido12;0;0;0;0;0;0;0
CRC;13;nombre13;apellido13;2;0;180;0;0;0;0
CRC;14;nombre14;apellido14;3;0;270;0;0;0;1
CRC;15;nombre15;apellido15;2;0;180;0;0;0;0
CRC;16;nombre16;apellido16;1;1;90;0;0;0;0
CRC;17;nombre17;apellido17;1;0;90;0;0;0;0
CRC;18;nombre18;apellido18;2;0;180;0;0;0;0
CRC;19;nombre19;apellido19;2;0;180;0;0;0;0
CRC;20;nombre20;apellido20;2;0;180;0;0;0;1
CRC;21;nombre21;apellido21;0;0;0;0;0;0;0
CRC;22;nombre22;apellido22;1;0;90;0;0;0;1
CRC;23;nombre23;apellido23;0;0;0;0;0;0;0
CRC;24;nombre24;apellido24;1;0;90;0;0;0;1
CRC;25;nombre25;apellido25;1;0;90;0;1;0;0
CRC;26;nombre26;apellido26;0;0;0;0;0;0;0
TUN;1;nombre1;apellido1;3;1;270;0;0;0;0
TUN;2;nombre2;apellido2;4;2;360;0;0;0;0
TUN;3;nombre3;apellido3;5;1;450;0;0;0;0
TUN;4;nombre4;apellido4;3;1;270;0;1;0;1
TUN;5;nombre5;apellido5;3;1;270;0;0;0;0
TUN;6;nombre6;apellido6;3;1;270;0;0;0;0
TUN;7;nombre7;apellido7;4;1;360;0;0;0;0
TUN;8;nombre8;apellido8;3;2;270;0;1;0;0
TUN;9;nombre9;apellido9;3;1;270;0;0;0;1
TUN;10;nombre10;apellido10;3;0;270;0;0;0;0
TUN;11;nombre11;apellido11;2;1;180;0;0;0;0
TUN;12;nombre12;apellido12;3;0;270;0;0;0;0
TUN;13;nombre13;apellido13;3;0;270;0;1;0;0
TUN;14;nombre14;apellido14;4;0;360;0;0;0;0
TUN;15;nombre15;apellido15;6;1;540;0;0;0;0
TUN;16;nombre16;apellido16;4;0;360;0;0;0;2
TUN;17;nombre17;apellido17;0;0;0;0;0;0;0
TUN;18;nombre18;apellido18;4;1;360;0;0;0;0
TUN;19;nombre19;apellido19;3;0;270;0;0;0;0
TUN;20;nombre20;apellido20;4;0;360;0;0;0;0
TUN;21;nombre21;apellido21;5;0;450;0;0;0;0
TUN;22;nombre22;apellido22;4;0;360;0;0;0;2
TUN;23;nombre23;apellido23;4;3;360;0;0;0;1
TUN;24;nombre24;apellido24;3;0;270;0;0;0;0
TUN;25;nombre25;apellido25;1;0;90;0;0;0;0
TUN;26;nombre26;apellido26;4;0;360;0;1;0;0
CZE;1;nombre1;apellido1;1;1;90;0;0;0;0
CZE;2;nombre2;apellido2;2;1;180;0;0;0;1
CZE;3;nombre3;apellido3;1;2;90;0;0;0;0
CZE;4;nombre4;apellido4;1;2;90;0;0;0;0
CZE;5;nombre5;apellido5;1;1;90;0;0;0;0
CZE;6;nombre6;apellido6;1;1;90;0;0;0;0
CZE;7;nombre7;apellido7;1;1;90;0;0;0;0
CZE;8;nombre8;apellido8;1;1;90;0;0;0;0
CZE;9;nombre9;apellido9;0;1;0;0;0;0;0
CZE;10;nombre10;apellido10;1;1;90;0;0;0;0
CZE;11;nombre11;apellido11;2;1;180;0;0;0;0
CZE;12;nombre12;apellido12;3;0;270;0;0;0;0
CZE;13;nombre13;apellido13;0;0;0;0;0;0;0
CZE;14;nombre14;apellido14;2;0;180;0;0;0;0
CZE;15;nombre15;apellido15;2;0;180;0;0;0;1
CZE;16;nombre16;apellido16;1;1;90;0;0;0;0
CZE;17;nombre17;apellido17;2;0;180;0;0;0;0
CZE;18;nombre18;apellido18;1;0;90;0;0;0;0
CZE;19;nombre19;apellido19;3;0;270;0;1;0;2
CZE;20;nombre20;apellido20;0;0;0;0;0;0;0
CZE;21;nombre21;apellido21;1;0;90;0;0;0;1
CZE;22;nombre22;apellido22;1;0;90;0;0;0;0
CZE;23;nombre23;apellido23;3;0;270;0;0;0;0
CZE;24;nombre24;apellido24;1;0;90;0;0;0;1
CZE;25;nombre25;apellido25;1;0;90;0;0;0;0
CZE;26;nombre26;apellido26;0;0;0;0;0;0;0
QAT;1;nombre1;apellido1;2;2;180;0;0;0;0
QAT;2;nombre2;apellido2;1;1;120;0;0;0;1
QAT;3;nombre3;apellido3;2;2;210;0;0;0;0
QAT;4;nombre4;apellido4;2;1;180;0;0;0;0
QAT;5;nombre5;apellido5;1;1;90;0;0;0;0
QAT;6;nombre6;apellido6;2;1;180;0;0;0;0
QAT;7;nombre7;apellido7;3;1;300;0;0;0;0
QAT;8;nombre8;apellido8;1;1;90;0;0;0;0
QAT;9;nombre9;apellido9;3;1;270;0;0;0;1
QAT;10;nombre10;apellido10;4;2;390;0;0;0;0
QAT;11;nombre11;apellido11;2;1;180;0;0;0;1
QAT;12;nombre12;apellido12;0;1;0;0;0;0;0
QAT;13;nombre13;apellido13;1;1;120;0;0;0;0
QAT;14;nombre14;apellido14;2;1;210;0;0;0;0
QAT;15;nombre15;apellido15;2;2;180;0;0;0;0
QAT;16;nombre16;apellido16;1;2;120;0;0;0;0
QAT;17;nombre17;apellido17;2;1;180;0;0;0;0
QAT;18;nombre18;apellido18;1;0;90;0;0;0;0
QAT;19;nombre19;apellido19;1;0;90;0;0;0;0
QAT;20;nombre20;apellido20;1;1;90;0;0;0;0
QAT;21;nombre21;apellido21;1;0;90;0;0;0;0
QAT;22;nombre22;apellido22;2;0;210;0;1;0;0
QAT;23;nombre23;apellido23;2;0;210;0;0;0;0
QAT;24;nombre24;apellido24;2;0;210;0;0;0;0
QAT;25;nombre25;apellido25;1;1;90;0;0;0;0
QAT;26;nombre26;apellido26;2;0;210;0;0;0;0
CMR;1;nombre1;apellido1;3;2;270;0;0;0;0
CMR;2;nombre2;apellido2;0;1;0;0;0;0;0
CMR;3;nombre3;apellido3;3;2;270;0;0;0;1
CMR;4;nombre4;apellido4;2;2;210;0;0;0;0
CMR;5;nombre5;apellido5;3;1;300;0;0;0;1
CMR;6;nombre6;apellido6;1;1;90;0;0;0;0
CMR;7;nombre7;apellido7;2;1;180;0;0;0;2
CMR;8;nombre8;apellido8;2;2;180;0;0;0;0
CMR;9;nombre9;apellido9;3;1;270;0;0;0;0
CMR;10;nombre10;apellido10;0;1;0;0;0;0;0
CMR;11;nombre11;apellido11;3;1;300;0;0;0;1
CMR;12;nombre12;apellido12;3;1;300;0;0;0;2
CMR;13;nombre13;apellido13;3;2;270;0;1;0;2
CMR;14;nombre14;apellido14;2;2;180;0;1;0;1
CMR;15;nombre15;apellido15;3;2;300;0;1;0;1
CMR;16;nombre16;apellido16;1;1;90;0;0;0;0
CMR;17;nombre17;apellido17;5;1;480;0;0;0;0
CMR;18;nombre18;apellido18;2;0;210;0;0;0;0
CMR;19;nombre19;apellido19;1;0;90;0;0;0;0
CMR;20;nombre20;apellido20;2;1;180;0;0;0;1
CMR;21;nombre21;apellido21;3;0;300;0;0;0;0
CMR;22;nombre22;apellido22;2;0;180;0;0;0;2
CMR;23;nombre23;apellido23;1;0;90;0;1;0;1
CMR;24;nombre24;apellido24;1;0;120;0;0;0;1
CMR;25;nombre25;apellido25;2;0;210;0;0;0;0
CMR;26;nombre26;apellido26;2;1;210;0;2;0;0
SCO;1;nombre1;apellido1;1;1;90;0;0;0;0
SCO;2;nombre2;apellido2;2;1;180;0;0;0;0
SCO;3;nombre3;apellido3;1;1;90;0;1;0;0
SCO;4;nombre4;apellido4;1;2;90;0;0;0;1
SCO;5;nombre5;apellido5;1;1;90;0;0;0;1
SCO;6;nombre6;apellido6;3;1;270;0;0;0;0
SCO;7;nombre7;apellido7;1;1;90;0;0;0;0
SCO;8;nombre8;apellido8;0;1;0;0;0;0;0
SCO;9;nombre9;apellido9;2;1;180;0;0;0;0
SCO;10;nombre10;apellido10;1;1;90;0;0;0;0
SCO;11;nombre11;apellido11;3;1;270;0;0;0;0
SCO;12;nombre12;apellido12;1;0;90;0;0;0;1
SCO;13;nombre13;apellido13;2;0;180;0;0;0;0
SCO;14;nombre14;apellido14;1;1;90;0;0;0;1
SCO;15;nombre15;apellido15;1;1;90;0;0;0;0
SCO;16;nombre16;apellido16;1;0;90;0;0;0;0
SCO;17;nombre17;apellido17;0;0;0;0;0;0;0
SCO;18;nombre18;apellido18;0;0;0;0;0;0;0
SCO;19;nombre19;apellido19;2;0;180;0;0;0;0
SCO;20;nombre20;apellido20;2;0;180;0;0;0;0
SCO;21;nombre21;apellido21;1;0;90;0;1;0;0
SCO;22;nombre22;apellido22;2;0;180;0;0;0;1
SCO;23;nombre23;apellido23;1;0;90;0;0;0;0
SCO;24;nombre24;apellido24;0;0;0;0;0;0;0
SCO;25;nombre25;apellido25;2;0;180;0;0;0;0
SCO;26;nombre26;apellido26;1;0;90;0;0;0;0
UZB;1;nombre1;apellido1;0;1;0;0;0;0;0
UZB;2;nombre2;apellido2;1;1;90;0;0;0;0
UZB;3;nombre3;apellido3;2;1;180;0;0;0;1
UZB;4;nombre4;apellido4;2;1;180;0;0;0;0
UZB;5;nombre5;apellido5;1;1;90;0;0;0;0
UZB;6;nombre6;apellido6;1;1;90;0;1;0;0
UZB;7;nombre7;apellido7;1;1;90;0;0;0;0
UZB;8;nombre8;apellido8;0;1;0;0;0;0;0
UZB;9;nombre9;apellido9;1;1;90;0;0;0;0
UZB;10;nombre10;apellido10;0;1;0;0;0;0;0
UZB;11;nombre11;apellido11;1;1;90;0;1;0;0
UZB;12;nombre12;apellido12;1;0;90;0;0;0;0
UZB;13;nombre13;apellido13;2;0;180;0;0;0;0
UZB;14;nombre14;apellido14;1;0;90;0;0;0;0
UZB;15;nombre15;apellido15;1;0;90;0;0;0;0
UZB;16;nombre16;apellido16;2;0;180;0;0;0;1
UZB;17;nombre17;apellido17;1;0;90;0;0;0;0
UZB;18;nombre18;apellido18;3;0;270;0;1;0;1
UZB;19;nombre19;apellido19;3;2;270;0;0;0;0
UZB;20;nombre20;apellido20;1;1;90;0;0;0;0
UZB;21;nombre21;apellido21;0;0;0;0;0;0;0
UZB;22;nombre22;apellido22;2;0;180;0;0;0;0
UZB;23;nombre23;apellido23;1;0;90;0;0;0;0
UZB;24;nombre24;apellido24;2;0;180;0;0;0;1
UZB;25;nombre25;apellido25;2;0;180;0;1;0;0
UZB;26;nombre26;apellido26;1;0;90;0;0;0;0
RSA;1;nombre1;apellido1;0;1;0;0;0;0;0
RSA;2;nombre2;apellido2;2;1;180;0;0;0;1
RSA;3;nombre3;apellido3;1;1;90;0;0;0;0
RSA;4;nombre4;apellido4;1;1;90;0;0;0;0
RSA;5;nombre5;apellido5;1;1;90;0;0;0;0
RSA;6;nombre6;apellido6;2;1;180;0;0;0;0
RSA;7;nombre7;apellido7;1;1;90;0;0;0;0
RSA;8;nombre8;apellido8;1;1;90;0;0;0;0
RSA;9;nombre9;apellido9;0;1;0;0;0;0;0
RSA;10;nombre10;apellido10;1;1;90;0;0;0;0
RSA;11;nombre11;apellido11;2;0;180;0;0;0;0
RSA;12;nombre12;apellido12;1;0;90;0;0;0;1
RSA;13;nombre13;apellido13;3;1;270;0;0;0;0
RSA;14;nombre14;apellido14;0;0;0;0;0;0;0
RSA;15;nombre15;apellido15;1;0;90;0;0;0;0
RSA;16;nombre16;apellido16;1;0;90;0;1;0;0
RSA;17;nombre17;apellido17;2;1;180;0;1;0;0
RSA;18;nombre18;apellido18;2;0;180;0;0;0;0
RSA;19;nombre19;apellido19;2;1;180;0;0;0;0
RSA;20;nombre20;apellido20;3;0;270;0;1;0;0
RSA;21;nombre21;apellido21;1;0;90;0;0;0;0
RSA;22;nombre22;apellido22;0;0;0;0;0;0;0
RSA;23;nombre23;apellido23;2;1;180;0;0;0;0
RSA;24;nombre24;apellido24;2;0;180;0;0;0;0
RSA;25;nombre25;apellido25;0;0;0;0;0;0;0
RSA;26;nombre26;apellido26;1;0;90;0;0;0;0
KSA;1;nombre1;apellido1;1;2;90;0;0;0;0
KSA;2;nombre2;apellido2;2;1;180;0;0;0;0
KSA;3;nombre3;apellido3;2;1;180;0;0;0;0
KSA;4;nombre4;apellido4;3;1;270;0;0;0;0
KSA;5;nombre5;apellido5;1;1;90;0;0;0;0
KSA;6;nombre6;apellido6;2;1;180;0;0;0;0
KSA;7;nombre7;apellido7;2;1;180;0;0;0;1
KSA;8;nombre8;apellido8;2;0;180;0;0;0;0
KSA;9;nombre9;apellido9;2;1;180;0;0;0;1
KSA;10;nombre10;apellido10;1;0;90;0;0;0;0
KSA;11;nombre11;apellido11;1;0;90;0;0;0;0
KSA;12;nombre12;apellido12;1;0;90;0;0;0;0
KSA;13;nombre13;apellido13;2;0;180;0;1;0;0
KSA;14;nombre14;apellido14;3;0;270;0;0;0;0
KSA;15;nombre15;apellido15;1;0;90;0;0;0;0
KSA;16;nombre16;apellido16;3;0;270;0;0;0;0
KSA;17;nombre17;apellido17;3;1;270;0;1;0;0
KSA;18;nombre18;apellido18;2;1;180;0;0;0;0
KSA;19;nombre19;apellido19;1;0;90;0;0;0;0
KSA;20;nombre20;apellido20;1;0;90;0;0;0;0
KSA;21;nombre21;apellido21;0;0;0;0;0;0;0
KSA;22;nombre22;apellido22;1;0;90;0;0;0;1
KSA;23;nombre23;apellido23;3;0;270;0;1;0;0
KSA;24;nombre24;apellido24;2;0;180;0;0;0;0
KSA;25;nombre25;apellido25;0;0;0;0;0;0;0
KSA;26;nombre26;apellido26;2;0;180;0;1;0;0
BIH;1;nombre1;apellido1;1;1;90;0;0;0;0
BIH;2;nombre2;apellido2;1;1;90;0;0;0;0
BIH;3;nombre3;apellido3;2;1;180;0;0;0;0
BIH;4;nombre4;apellido4;2;1;180;0;0;0;0
BIH;5;nombre5;apellido5;0;1;0;0;0;0;0
BIH;6;nombre6;apellido6;1;1;90;0;0;0;0
BIH;7;nombre7;apellido7;3;1;270;0;0;0;0
BIH;8;nombre8;apellido8;2;1;180;0;1;0;0
BIH;9;nombre9;apellido9;2;1;180;0;0;0;0
BIH;10;nombre10;apellido10;1;1;90;0;0;0;0
BIH;11;nombre11;apellido11;2;2;180;0;0;0;0
BIH;12;nombre12;apellido12;2;0;180;0;0;0;1
BIH;13;nombre13;apellido13;1;0;90;0;0;0;0
BIH;14;nombre14;apellido14;1;0;90;0;1;0;0
BIH;15;nombre15;apellido15;2;1;180;0;0;0;0
BIH;16;nombre16;apellido16;1;1;90;0;0;0;1
BIH;17;nombre17;apellido17;1;0;90;0;0;0;1
BIH;18;nombre18;apellido18;0;0;0;0;0;0;0
BIH;19;nombre19;apellido19;2;0;180;0;0;0;0
BIH;20;nombre20;apellido20;1;0;90;0;0;0;0
BIH;21;nombre21;apellido21;1;0;90;0;0;0;0
BIH;22;nombre22;apellido22;1;0;90;0;0;0;0
BIH;23;nombre23;apellido23;1;0;90;0;0;0;0
BIH;24;nombre24;apellido24;1;0;90;0;0;0;0
BIH;25;nombre25;apellido25;1;0;90;0;0;0;0
BIH;26;nombre26;apellido26;0;0;0;0;0;0;0
IRQ;1;nombre1;apellido1;1;1;90;0;0;0;0
IRQ;2;nombre2;apellido2;2;2;180;0;0;0;1
IRQ;3;nombre3;apellido3;2;1;180;0;2;0;0
IRQ;4;nombre4;apellido4;1;1;90;0;0;0;1
IRQ;5;nombre5;apellido5;1;1;90;0;0;0;0
IRQ;6;nombre6;apellido6;1;1;90;0;0;0;0
IRQ;7;nombre7;apellido7;2;1;180;0;0;0;0
IRQ;8;nombre8;apellido8;2;0;180;0;0;0;2
IRQ;9;nombre9;apellido9;0;0;0;0;0;0;0
IRQ;10;nombre10;apellido10;2;0;180;0;0;0;1
IRQ;11;nombre11;apellido11;0;0;0;0;0;0;0
IRQ;12;nombre12;apellido12;1;0;90;0;0;0;0
IRQ;13;nombre13;apellido13;2;0;180;0;0;0;0
IRQ;14;nombre14;apellido14;2;1;180;0;0;0;0
IRQ;15;nombre15;apellido15;1;0;90;0;0;0;0
IRQ;16;nombre16;apellido16;2;0;180;0;0;0;0
IRQ;17;nombre17;apellido17;1;0;90;0;0;0;0
IRQ;18;nombre18;apellido18;1;0;90;0;0;0;0
IRQ;19;nombre19;apellido19;2;0;180;0;0;0;0
IRQ;20;nombre20;apellido20;3;0;270;0;0;0;1
IRQ;21;nombre21;apellido21;1;0;90;0;0;0;0
IRQ;22;nombre22;apellido22;1;1;90;0;0;0;0
IRQ;23;nombre23;apellido23;1;0;90;0;0;0;1
IRQ;24;nombre24;apellido24;0;0;0;0;0;0;0
IRQ;25;nombre25;apellido25;1;0;90;0;0;0;0
IRQ;26;nombre26;apellido26;0;0;0;0;0;0;0
JOR;1;nombre1;apellido1;3;2;270;0;0;0;0
JOR;2;nombre2;apellido2;2;1;180;0;0;0;1
JOR;3;nombre3;apellido3;2;1;210;0;0;0;0
JOR;4;nombre4;apellido4;3;2;300;0;1;0;1
JOR;5;nombre5;apellido5;2;2;210;0;0;0;0
JOR;6;nombre6;apellido6;2;1;180;0;0;0;1
JOR;7;nombre7;apellido7;3;2;300;0;0;0;0
JOR;8;nombre8;apellido8;1;1;90;0;0;0;0
JOR;9;nombre9;apellido9;2;1;210;0;0;0;0
JOR;10;nombre10;apellido10;3;1;270;0;0;0;0
JOR;11;nombre11;apellido11;3;1;300;0;0;0;0
JOR;12;nombre12;apellido12;3;2;300;0;0;0;0
JOR;13;nombre13;apellido13;1;1;90;0;0;0;0
JOR;14;nombre14;apellido14;3;3;300;0;0;0;1
JOR;15;nombre15;apellido15;2;1;210;0;0;0;1
JOR;16;nombre16;apellido16;2;2;180;0;1;0;0
JOR;17;nombre17;apellido17;4;0;360;0;0;0;0
JOR;18;nombre18;apellido18;1;1;90;0;0;0;0
JOR;19;nombre19;apellido19;3;0;270;0;0;0;0
JOR;20;nombre20;apellido20;0;0;0;0;0;0;0
JOR;21;nombre21;apellido21;0;0;0;0;0;0;0
JOR;22;nombre22;apellido22;1;0;90;0;0;0;0
JOR;23;nombre23;apellido23;1;0;120;0;0;0;0
JOR;24;nombre24;apellido24;2;0;180;0;0;0;1
JOR;25;nombre25;apellido25;2;0;210;0;0;0;2
JOR;26;nombre26;apellido26;4;0;360;0;1;0;0
GHA;1;nombre1;apellido1;2;1;210;0;0;0;2
GHA;2;nombre2;apellido2;0;1;0;0;0;0;0
GHA;3;nombre3;apellido3;2;1;210;0;0;0;1
GHA;4;nombre4;apellido4;3;1;300;0;0;0;0
GHA;5;nombre5;apellido5;3;2;300;0;1;0;0
GHA;6;nombre6;apellido6;1;1;90;0;0;0;0
GHA;7;nombre7;apellido7;2;1;180;0;0;0;0
GHA;8;nombre8;apellido8;1;1;90;0;0;0;0
GHA;9;nombre9;apellido9;1;1;90;0;0;0;0
GHA;10;nombre10;apellido10;1;2;90;0;0;0;0
GHA;11;nombre11;apellido11;3;1;270;0;1;0;0
GHA;12;nombre12;apellido12;1;1;90;0;0;0;1
GHA;13;nombre13;apellido13;2;1;210;0;2;0;0
GHA;14;nombre14;apellido14;2;1;210;0;0;0;1
GHA;15;nombre15;apellido15;1;0;120;0;0;0;0
GHA;16;nombre16;apellido16;0;0;0;0;0;0;0
GHA;17;nombre17;apellido17;3;0;300;0;0;0;0
GHA;18;nombre18;apellido18;1;0;90;0;0;0;0
GHA;19;nombre19;apellido19;4;2;390;0;0;0;0
GHA;20;nombre20;apellido20;2;0;210;0;0;0;0
GHA;21;nombre21;apellido21;2;0;180;0;0;0;0
GHA;22;nombre22;apellido22;1;1;90;0;0;0;0
GHA;23;nombre23;apellido23;1;0;90;0;0;0;0
GHA;24;nombre24;apellido24;1;1;90;0;0;0;0
GHA;25;nombre25;apellido25;2;0;180;0;0;0;0
GHA;26;nombre26;apellido26;2;1;210;0;0;0;0
COD;1;nombre1;apellido1;3;1;270;0;0;0;0
COD;2;nombre2;apellido2;1;1;90;0;0;0;0
COD;3;nombre3;apellido3;0;1;0;0;0;0;0
COD;4;nombre4;apellido4;2;1;180;0;0;0;1
COD;5;nombre5;apellido5;2;2;180;0;0;0;1
COD;6;nombre6;apellido6;2;1;180;0;0;0;0
COD;7;nombre7;apellido7;1;1;90;0;0;0;0
COD;8;nombre8;apellido8;2;1;180;0;0;0;0
COD;9;nombre9;apellido9;2;1;180;0;0;0;0
COD;10;nombre10;apellido10;1;0;90;0;0;0;0
COD;11;nombre11;apellido11;0;0;0;0;0;0;0
COD;12;nombre12;apellido12;1;0;90;0;0;0;0
COD;13;nombre13;apellido13;2;1;180;0;0;0;1
COD;14;nombre14;apellido14;1;0;90;0;0;0;1
COD;15;nombre15;apellido15;3;0;270;0;0;0;0
COD;16;nombre16;apellido16;2;0;180;0;0;0;0
COD;17;nombre17;apellido17;1;0;90;0;0;0;0
COD;18;nombre18;apellido18;2;0;180;0;1;0;1
COD;19;nombre19;apellido19;0;0;0;0;0;0;0
COD;20;nombre20;apellido20;0;0;0;0;0;0;0
COD;21;nombre21;apellido21;0;0;0;0;0;0;0
COD;22;nombre22;apellido22;2;0;180;0;0;0;0
COD;23;nombre23;apellido23;0;0;0;0;0;0;0
COD;24;nombre24;apellido24;1;1;90;0;0;0;0
COD;25;nombre25;apellido25;1;0;90;0;0;0;0
COD;26;nombre26;apellido26;1;0;90;0;0;0;0
HAI;1;nombre1;apellido1;0;1;0;0;0;0;0
HAI;2;nombre2;apellido2;2;1;180;0;0;0;0
HAI;3;nombre3;apellido3;0;1;0;0;0;0;0
HAI;4;nombre4;apellido4;1;2;90;0;0;0;0
HAI;5;nombre5;apellido5;1;1;90;0;0;0;0
HAI;6;nombre6;apellido6;2;1;180;0;0;0;1
HAI;7;nombre7;apellido7;3;1;270;0;0;0;0
HAI;8;nombre8;apellido8;2;2;180;0;0;0;0
HAI;9;nombre9;apellido9;2;1;180;0;1;0;0
HAI;10;nombre10;apellido10;1;1;90;0;0;0;0
HAI;11;nombre11;apellido11;1;0;90;0;0;0;1
HAI;12;nombre12;apellido12;0;0;0;0;0;0;0
HAI;13;nombre13;apellido13;2;0;180;0;0;0;1
HAI;14;nombre14;apellido14;0;0;0;0;0;0;0
HAI;15;nombre15;apellido15;1;0;90;0;0;0;0
HAI;16;nombre16;apellido16;3;1;270;0;0;0;0
HAI;17;nombre17;apellido17;2;0;180;0;0;0;0
HAI;18;nombre18;apellido18;2;0;180;0;0;0;0
HAI;19;nombre19;apellido19;2;0;180;0;0;0;0
HAI;20;nombre20;apellido20;1;0;90;0;0;0;0
HAI;21;nombre21;apellido21;1;0;90;0;0;0;0
HAI;22;nombre22;apellido22;1;0;90;0;0;0;0
HAI;23;nombre23;apellido23;1;0;90;0;0;0;0
HAI;24;nombre24;apellido24;1;0;90;0;0;0;0
HAI;25;nombre25;apellido25;1;0;90;0;0;0;0
HAI;26;nombre26;apellido26;0;0;0;0;0;0;0
NZL;1;nombre1;apellido1;1;1;90;0;0;0;0
NZL;2;nombre2;apellido2;3;2;270;0;0;0;2
NZL;3;nombre3;apellido3;0;1;0;0;0;0;0
NZL;4;nombre4;apellido4;3;1;270;0;0;0;1
NZL;5;nombre5;apellido5;1;2;90;0;0;0;0
NZL;6;nombre6;apellido6;1;1;90;0;0;0;1
NZL;7;nombre7;apellido7;2;1;180;0;0;0;0
NZL;8;nombre8;apellido8;2;0;180;0;0;0;0
NZL;9;nombre9;apellido9;2;0;180;0;1;0;0
NZL;10;nombre10;apellido10;1;0;90;0;0;0;0
NZL;11;nombre11;apellido11;1;0;90;0;0;0;0
NZL;12;nombre12;apellido12;2;0;180;0;0;0;0
NZL;13;nombre13;apellido13;3;0;270;0;0;0;0
NZL;14;nombre14;apellido14;4;1;360;0;1;0;1
NZL;15;nombre15;apellido15;1;0;90;0;0;0;0
NZL;16;nombre16;apellido16;2;0;180;0;0;0;0
NZL;17;nombre17;apellido17;3;0;270;0;0;0;0
NZL;18;nombre18;apellido18;3;0;270;0;0;0;1
NZL;19;nombre19;apellido19;0;0;0;0;0;0;0
NZL;20;nombre20;apellido20;1;0;90;0;1;0;0
NZL;21;nombre21;apellido21;1;1;90;0;0;0;1
NZL;22;nombre22;apellido22;0;0;0;0;0;0;0
NZL;23;nombre23;apellido23;2;0;180;0;0;0;0
NZL;24;nombre24;apellido24;2;0;180;0;0;0;0
NZL;25;nombre25;apellido25;2;0;180;0;1;0;1
NZL;26;nombre26;apellido26;1;0;90;0;0;0;0
CPV;1;nombre1;apellido1;3;1;300;0;0;0;0
CPV;2;nombre2;apellido2;2;1;180;0;0;0;0
CPV;3;nombre3;apellido3;1;1;120;0;0;0;0
CPV;4;nombre4;apellido4;1;1;90;0;0;0;0
CPV;5;nombre5;apellido5;1;2;90;0;0;0;0
CPV;6;nombre6;apellido6;1;1;120;0;0;0;0
CPV;7;nombre7;apellido7;2;1;210;0;0;0;0
CPV;8;nombre8;apellido8;2;1;210;0;0;0;0
CPV;9;nombre9;apellido9;3;1;300;0;0;0;0
CPV;10;nombre10;apellido10;3;1;270;0;0;0;1
CPV;11;nombre11;apellido11;1;0;120;0;0;0;0
CPV;12;nombre12;apellido12;3;0;300;0;0;0;0
CPV;13;nombre13;apellido13;1;0;90;0;0;0;0
CPV;14;nombre14;apellido14;1;0;90;0;0;0;0
CPV;15;nombre15;apellido15;2;0;180;0;0;0;0
CPV;16;nombre16;apellido16;4;0;390;0;0;0;1
CPV;17;nombre17;apellido17;2;0;210;0;0;0;0
CPV;18;nombre18;apellido18;0;0;0;0;0;0;0
CPV;19;nombre19;apellido19;0;0;0;0;0;0;0
CPV;20;nombre20;apellido20;1;1;90;0;0;0;0
CPV;21;nombre21;apellido21;1;0;90;0;0;0;0
CPV;22;nombre22;apellido22;2;0;180;0;0;0;1
CPV;23;nombre23;apellido23;2;0;180;0;0;0;0
CPV;24;nombre24;apellido24;2;1;210;0;0;0;1
CPV;25;nombre25;apellido25;1;0;90;0;0;0;0
CPV;26;nombre26;apellido26;2;1;180;0;0;0;1
